Game, Price, Console
Gang Beasts, $9.19, PS4
Resident Evil 4, $34.99, PS5
Crash Bandicoot™ 4: It’s About Time, $19.79, PS5
HAJWALA, $10.19, PS4
Crash™ Team Racing Nitro-Fueled, $13.99, PS4
ELDEN RING PS4 & PS5, $54.99, PS5
Crash Bandicoot™ N. Sane Trilogy, $34.99, PS4
WWE 2K24, $59.99, PS4
Pummel Party, $19.19, PS4
Red Dead Redemption, $49.99, PS4
resident evil 4 (2005), $5.74, PS4
Mount & Blade II: Bannerlord, $26.99, PS5
God of War Ragnarök, $79.99, PS5
The Crew™ Motorfest Standard Edition - Cross-Gen Bundle, $74.99, PS5
NARUTO X BORUTO Ultimate Ninja STORM CONNECTIONS PS4 & PS5, $31.89, PS5
Wobbly Life, $21.49, PS4
Grounded PS4® & PS5®, $44.99, PS5
Cuphead, $22.99, PS4
ARK: Survival Evolved, $14.99, PS4
TABS, $16.09, PS4
Sekiro™: Shadows Die Twice - Game of the Year Edition, $59.99, PS4
CarX Drift Racing Online, $26.99, PS4
Red Dead Online, $19.99, PS4
Cyberpunk 2077, $44.99, PS5
Stray, $26.99, PS5
Battlefield™ 1, $17.99, PS4
Spyro™ Reignited Trilogy, $13.99, PS4
A Plague Tale: Innocence, $10.49, PS5
Highway Drifter: Hajwala Simulator, $23.99, PS5
DARK SOULS™: REMASTERED, $34.99, PS4
Far Cry 5, $8.99, PS4
Abo Khashem, $26.99, PS4
DARK SOULS™ III, $44.99, PS4
Resident Evil, $5.74, PS4
Police Simulator: Patrol Officers, $26.99, PS5
Resident Evil Village PS4 & PS5, $34.99, PS5
RESIDENT EVIL 7 biohazard, $17.99, PS5
TEKKEN 7, $44.99, PS4
The Crew™ Motorfest Standard Edition, $64.99, PS4
Tomb Raider I-III Remastered Starring Lara Croft, $25.49, PS5
Resident Evil 0, $5.74, PS4
Lies of P, $54.99, PS5
Unravel Two, $22.99, PS4
Mount & Blade II: Bannerlord, $26.99, PS4
Among Us, $2.69, PS5
Sackboy: A Big Adventure PS4 & PS5, $69.99, PS5
Battlefield™ 2042 PS5, $69.99, PS5
Five Nights at Freddy's: Security Breach, $44.99, PS5
The Last of Us™ Remastered, $17.99, PS4
Call of Duty®: Black Ops Cold War - Cross-Gen Bundle PS4™ & PS5®, $74.99, PS5
Jujutsu Kaisen Cursed Clash, $54.99, PS5
Teenage Mutant Ninja Turtles Arcade: Wrath of the Mutants, $26.99, PS5
Demon Slayer -Kimetsu no Yaiba- The Hinokami Chronicles PS4 & PS5, $23.99, PS5
Cricket 24, $62.99, PS5
Like a Dragon: Infinite Wealth PS4 & PS5, $48.99, PS5
Watch Dogs®: Legion PS4 & PS5, $9.74, PS5
Need for Speed™ Heat, $59.99, PS4
Hogwarts Legacy PS5 Version, $69.99, PS5
Human: Fall Flat PS4 & PS5, $5.39, PS5
Disney Dreamlight Valley, $44.99, PS5
DRAGON BALL Z: KAKAROT PS4™ & PS5™, $12.59, PS5
The Witcher 3: Wild Hunt, $34.99, PS5
Fallout 4, $17.99, PS5
Overcooked! 2, $22.49, PS4
OCTOPATH TRAVELER II PS4＆PS5, $54.99, PS5
Dead by Daylight PS4® & PS5®, $26.99, PS5
Poppy Playtime: Chapter 1, $5.09, PS4
SAND LAND PS4 & PS5, $62.99, PS5
NARUTO SHIPPUDEN: Ultimate Ninja STORM 4, $17.99, PS4
LEGO® Marvel Super Heroes 2, $54.99, PS4
Expeditions: A MudRunner Game (PS4 & PS5), $54.99, PS5
Sifu, $44.99, PS5
The Walking Dead: The Telltale Definitive Series, $44.99, PS4
Canis Canem Edit, $16.99, PS4
The Forest, $5.75, PS4
Hagwalla Legend, $11.29, PS4
RESIDENT EVIL 2, $34.99, PS5
Marvel's Spider-Man: Miles Morales PS4 & PS5, $59.99, PS5
SONIC SUPERSTARS, $59.99, PS5
Need for Speed™ Payback, $29.99, PS4
Captain Tsubasa: Rise of New Champions, $34.99, PS4
Tom Clancy's Ghost Recon® Breakpoint, $8.99, PS4
The Smurfs - Village Party PS4 & PS5, $34.99, PS5
DayZ, $44.99, PS4
The Texas Chain Saw Massacre, $34.99, PS5
L. A. Noire, $39.99, PS4
Mortal Kombat XL, $6.29, PS4
The Evil Within 2, $6.99, PS4
DARK SOULS™ II: Scholar of the First Sin, $17.99, PS4
We Were Here Expeditions: The FriendShip, $4.49, PS5
Uncharted™: The Nathan Drake Collection, $17.99, PS4
Beat Saber, $33.99, PS5
Far Cry 4, $3.99, PS4
SONIC FORCES™, $44.99, PS4
Bratz™: Flaunt Your Fashion, $26.99, PS5
RESIDENT EVIL 3, $34.99, PS5
Hades, $22.49, PS5
Cars 3: Driven to Win, $3.84, PS4
Truck and Logistics Simulator, $26.99, PS5
ASTRO BOT Rescue Mission™, $34.99, PS4
Bluey: The Videogame, $34.99, PS5
PAW Patrol World, $34.99, PS5
NOBUNAGA'S AMBITION: Awakening, $67.99, PS4
ONE PIECE: PIRATE WARRIORS 4, $44.99, PS4
Hello Neighbor 2, $17.49, PS5
Rayman Legends, $17.99, PS4
The Crew® 2 Standard Edition, $49.99, PS4
Assassin’s Creed® The Ezio Collection, $11.24, PS4
ARMORED CORE™ VI FIRES OF RUBICON™ PS4 & PS5, $62.99, PS5
MotoGP™24 PS4 & PS5, $62.99, PS5
Ni no Kuni™ II: Revenant Kingdom, $62.99, PS4
ONE PIECE World Seeker, $62.99, PS4
The Seven Deadly Sins: Knights of Britannia, $62.99, PS4
Avatar The Last Airbender: Quest for Balance, $44.99, PS5
God of War Ragnarök, $69.99, PS4
Unicorn Overlord, $59.99, PS5
WWE 2K23, $59.99, PS4
Job Simulator PS4 & PS5, $14.94, PS5
We Were Here Together, $5.58, PS4
Metal Gear Solid V: The Phantom Pain, $26.99, PS4
Knack 2, $34.99, PS4
NARUTO SHIPPUDEN: Ultimate Ninja STORM 4 Road to Boruto, $8.99, PS4
PowerWash Simulator, $22.49, PS5
Apollo Justice: Ace Attorney Trilogy, $56.99, PS4
Like a Dragon Gaiden: The Man Who Erased His Name PS4 & PS5, $56.99, PS5
PROJECT ZERO: Mask of the Lunar Eclipse (PS4 & PS5), $56.99, PS5
Hello Neighbor: Search and Rescue, $18.69, PS5
Kingdom Come: Deliverance, $5.99, PS4
Berserk and the Band of the Hawk, $54.99, PS4
Made in Abyss: Binary Star Falling into Darkness, $54.99, PS4
The Legend of Heroes: Trails of Cold Steel III, $54.99, PS4
LEGO® Marvel's Avengers, $4.19, PS4
Psychonauts 2, $67.99, PS4
Moving Out 2, $13.49, PS5
Return of the Obra Dinn, $18.08, PS4
Bloodborne™, $17.99, PS4
Fate/Samurai Remnant(PS4 & PS5), $62.99, PS5
Hunt: Showdown, $34.99, PS4
LEGO® Marvel™ Super Heroes, $34.99, PS4
Team Sonic Racing™, $34.99, PS4
The Smurfs 2 - The Prisoner of the Green Stone, $34.99, PS5
Assassin's Creed 4 Black Flag, $10.79, PS4
Detroit: Become Human, $26.99, PS4
Farm Together, $22.99, PS4
One Piece Pirate Warriors 3, $5.39, PS4
Car Mechanic Simulator 2021, $33.99, PS5
Sonic Origins PS4 & PS5, $20.39, PS5
Assetto Corsa, $6.74, PS4
VALKYRIE ELYSIUM PS4&PS5, $62.99, PS5
Little Nightmares II PS4 & PS5, $26.99, PS5
Dead Island 2, $69.99, PS5
The Witcher 3: Wild Hunt – Complete Edition, $49.99, PS5
Devil May Cry HD Collection, $26.99, PS4
Minecraft Dungeons, $17.99, PS4
WWE 2K Battlegrounds, $39.99, PS4
Injustice™ 2 - Legendary Edition, $49.99, PS4
We Were Here Forever, $11.26, PS5
Minecraft Legends, $34.99, PS5
Saudi Drift, $22.99, PS4
Thief Simulator, $22.99, PS4
Battlefield™ V, $39.99, PS4
WHAT THE GOLF?, $13.43, PS5
A.O.T. 2, $44.99, PS4
Eiyuden Chronicle: Hundred Heroes, $44.99, PS5
High On Life, $44.99, PS5
HUMANKIND™ PS4 & PS5, $44.99, PS5
Jurassic World Evolution, $44.99, PS4
NASCAR Arcade Rush, $44.99, PS5
PROJECT ZERO: MAIDEN OF BLACK WATER PS4 & PS5, $44.99, PS5
Rabbids®: Party of Legends, $44.99, PS4
River City Girls 2, $44.99, PS5
UFO ROBOT GRENDIZER – The Feast of the Wolves, $44.99, PS5
Bloodborne™: Game of the Year Edition, $29.99, PS4
Bendy and the Ink Machine, $22.49, PS4
Watch_Dogs, $19.99, PS4
inFAMOUS Second Son™, $8.99, PS4
A.O.T. Wings of Freedom, $34.99, PS4
Overcooked! All You Can Eat, $34.99, PS5
Ultimate Chicken Horse, $9.22, PS4
Tom Clancy’s Ghost Recon® Wildlands - Standard Edition, $49.99, PS4
Bendy and the Dark Revival, $31.99, PS4
Mortal Kombat 11, $49.99, PS5
Madden NFL 24, $69.99, PS5
Contra: Operation Galuga PS4 & PS5, $34.99, PS5
RESIDENT EVIL 7 biohazard Gold Edition, $34.99, PS5
Bayonetta, $24.99, PS4
Assassin's Creed Valhalla PS4 & PS5, $64.99, PS5
Library Of Ruina, $39.99, PS4
Sonic Colours: Ultimate, $39.99, PS4
Tools Up! - Ultimate Edition, $39.99, PS4
The Stanley Parable: Ultra Deluxe, $24.99, PS5
MY HERO ONE'S JUSTICE 2, $8.74, PS4
Stardew Valley, $12.63, PS4
Sniper Elite 5 PS4™ & PS5™, $54.99, PS5
Cafe Owner Simulator, $22.99, PS4
VISAGE, $39.99, PS5
Little Witch Academia: VR Broom Racing, $36.99, PS4
DreadOut 2, $18.39, PS5
Assassin's Creed® Origins, $60.00, PS4
DYNASTY WARRIORS 8: Xtreme Legends Complete Edition, $17.99, PS4
Yakuza: Like a Dragon PS4 & PS5, $60.00, PS5
Farming Simulator 22 PS4 & PS5, $26.99, PS5
Subnautica: Below Zero PS4 & PS5, $10.79, PS5
Truck and Logistics Simulator, Unavailable, PS4
DRAGON BALL XENOVERSE, $17.99, PS4
Firewatch, $17.99, PS4
Gravel, $17.99, PS4
Ratchet & Clank™, $17.99, PS4
Slime Rancher, $4.49, PS4
Twelve Minutes, $22.49, PS5
I am an Air Traffic Controller AIRPORT HERO HANEDA, $35.69, PS4
Persona 4 Golden, $13.79, PS4
Swordsman VR, $20.49, PS5
Firefighting Simulator - The Squad PS4™ & PS5™, $16.19, PS5
Assetto Corsa Ultimate Edition, $34.99, PS4
BALAN WONDERWORLD PS4 & PS5, $34.99, PS5
Bus Simulator, $13.99, PS4
Chef Life - A Restaurant Simulator, $34.99, PS5
LEGO® Star Wars™: The Force Awakens (Arabic Ver.), $34.99, PS4
L.O.L. Surprise! B.B.s BORN TO TRAVEL™, $34.99, PS5
PAC-MAN WORLD Re-PAC, $34.99, PS5
Peppa Pig: World Adventures, $34.99, PS5
RIDE 3, $34.99, PS4
Street Outlaws: The List, $34.99, PS4
SUPER BOMBERMAN R, $34.99, PS4
Super Monkey Ball Banana Mania PS4 & PS5, $34.99, PS5
Sword and Fairy: Together Forever PS4™ & PS5™, $34.99, PS5
PAC-MAN Mega Tunnel Battle: Chomp Champs PS4 & PS5, $22.99, PS5
Supraland: Six Inches Under, $22.99, PS5
Hogwarts Legacy PS4 Version, $60.00, PS4
Hellblade: Senua’s Sacrifice, $33.99, PS4
Monster Hunter Stories, $33.99, PS4
PROTOTYPE™, $33.99, PS4
Remothered: Tormented Fathers, $33.99, PS4
Stray Souls, $33.99, PS5
The Game of Life 2, $33.99, PS4
The Jackbox Party Pack 6, $33.99, PS4
Trailmakers, $33.99, PS5
Gallop Glory: Obstacle Racing & Horse Simulator, $16.99, PS4
Thunder Ray, $16.99, PS5
Syberia - The World Before, $8.74, PS5
Rubber Bandits, $11.29, PS4
Bramble: The Mountain King, $26.99, PS5
LittleBigPlanet™ 3, $17.99, PS4
Jurassic World Evolution 2, $13.74, PS5
MLB® The Show™ 24 PS4™, $65.99, PS4
RIDE 4, $44.99, PS5
NARUTO TO BORUTO: SHINOBI STRIKER, $8.99, PS4
Nickelodeon All-Star Brawl 2, $44.99, PS5
COCOON, $22.49, PS5
The Elder Scrolls V: Skyrim VR, $62.99, PS4
MONSTER HUNTER: WORLD™, $17.99, PS4
Overcooked, $17.99, PS4
LEGO® NINJAGO® Movie Video Game, $54.99, PS4
Sonic Frontiers PS4 & PS5, $54.99, PS5
Ultimate Custom Night, $7.89, PS4
JoJo's Bizarre Adventure: All-Star Battle R PS4 & PS5, $13.49, PS5
Sonic Mania, $22.99, PS4
Who's Your Daddy?!, $11.29, PS4
New Star GP, $20.39, PS4
The Jackbox Party Pack 3, $30.49, PS4
Middle-earth™: Shadow of Mordor™-Game of the Year Edition, $54.99, PS4
Borderlands 3 PS4™ &  PS5™, $59.99, PS5
Borderlands: Game of the Year Edition, $29.99, PS4
Cricket 22, $29.99, PS5
GreedFall - Standard Edition, $29.99, PS5
NBA 2K Playgrounds 2, $29.99, PS4
Phar Lap - Horse Racing Challenge, $29.99, PS4
RiME, $29.99, PS4
Sid Meier’s Civilization VI, $29.99, PS4
The Pathless PS4 & PS5, $29.99, PS5
Injustice™ 2 - Standard Edition, $17.99, PS4
Plants vs. Zombies™ Garden Warfare 2, $17.99, PS4
Evil West, $67.49, PS5
INSIDE, $22.99, PS4
Secret Neighbor, $5.74, PS4
DOOM, $3.59, PS4
Assassin's Creed® III Remastered, $7.99, PS4
Candleman, $28.49, PS4
Devil May Cry 4 Special Edition, $28.49, PS4
DUSK, $28.49, PS4
Grow: Song of the Evertree, $11.39, PS4
Haven, $17.09, PS5
SUPERHOT, $28.49, PS4
SUPERHOT VR, $28.49, PS4
TerraTech, $5.69, PS4
Transformers Beyond Reality, $28.49, PS5
ULTIMATE MARVEL VS. CAPCOM 3, $28.49, PS4
Amnesia: The Bunker, $28.49, PS4
SpiderHeck, $10.19, PS5
Arab Drift Cars, $17.99, PS4
Goat Simulator, $11.29, PS4
Hollow Knight: Voidheart Edition, $16.39, PS4
SpongeBob SquarePants: The Cosmic Shake, $34.99, PS5
Planet Coaster: Console Edition, $39.99, PS5
Danganronpa 1/2 Reload, $34.99, PS4
Danganronpa V3: Killing Harmony, $34.99, PS4
Uncharted™ 3: Drake’s Deception Remastered, $14.99, PS4
No Man's Sky PS4 & PS5, $44.99, PS5
Arashi: Castles of Sin, $26.99, PS4
ASTRONEER, $10.79, PS4
Autobahn Police Simulator 2, $26.99, PS4
Blair Witch, $26.99, PS4
Blasphemous 2, $26.99, PS5
Concrete Genie, $26.99, PS4
DreamWorks Dragons Dawn of New Riders, $26.99, PS4
Evil Dead: The Game PS4 & PS5, $26.99, PS5
God of War™ Digital Deluxe Edition, $26.99, PS4
Isonzo, $26.99, PS5
Medieval Dynasty, $26.99, PS4
MX vs ATV All Out, $26.99, PS4
New Super Lucky's Tale, $26.99, PS4
PAW Patrol: Grand Prix, $26.99, PS5
Pocky & Rocky Reshrined, $26.99, PS4
RICK AND MORTY: VIRTUAL RICK-ALITY, $26.99, PS4
Risen, $26.99, PS4
Rise of the Tomb Raider: 20 Year Celebration, $26.99, PS4
Saints Row PS4&PS5, $26.99, PS5
Shenmue III, $26.99, PS4
Sniper Elite 3, $26.99, PS4
The Last Faith, $26.99, PS5
The Last Kids on Earth and the Staff of Doom, $26.99, PS4
Touhou Kobuto V: Burst Battle, $5.39, PS4
Truck Driver, $14.84, PS4
Wrath: Aeon of Ruin, $26.99, PS4
Yooka-Laylee and the Impossible Lair, $26.99, PS4
Beach Buggy Racing 2: Island Adventure, $17.99, PS4
Mad Max, $17.99, PS4
Metal Gear Solid V: Ground Zeroes, $17.99, PS4
PlateUp!, $17.99, PS5
Battlefield 4™, $17.99, PS4
Democracy 4: Console Edition, $28.49, PS4
Biped, $16.99, PS4
The Warriors, $16.99, PS4
RESIDENT EVIL REVELATIONS, $17.99, PS4
Yakuza Kiwami 2, $17.99, PS4
The Wolf Among Us, $14.99, PS4
Drift Streets Japan PS4 & PS5, $11.29, PS5
Rock of Ages 2: Bigger & Boulder™, $16.39, PS4
The Chase: Cop Pursuit, $5.99, PS5
Trine 5: A Clockwork Conspiracy, $26.99, PS5
Ben 10, $22.49, PS4
Journey™, $8.49, PS4
Cricket 22, $29.99, PS5
Heavenly Bodies, $11.99, PS5
Hotel R'n'R, $16.79, PS5
kingdom of drift, $17.99, PS4
MudRunner, $5.39, PS4
Red Dead Revolver, $16.99, PS4
Crysis 2 Remastered, $33.99, PS4
NARUTO SHIPPUDEN: Ultimate Ninja STORM Trilogy, $34.99, PS4
DIRT 5 PS4 & PS5, $12.59, PS5
Teenage Mutant Ninja Turtles: The Cowabunga Collection PS4 & PS5, $17.49, PS5
Nioh – Complete Edition, $13.99, PS4
Dakar Desert Rally PS4 & PS5, $26.99, PS5
Hello Neighbor, $6.74, PS4
Until Dawn™, $17.99, PS4
Fist of the North Star: Lost Paradise, $4.49, PS4
Choo-Choo Charles, $22.99, PS4
End Space, $22.99, PS4
Fran Bow, $11.49, PS4
Horizon Chase Turbo, $22.99, PS4
Lethal League Blaze, $14.94, PS4
Machinarium, $4.59, PS4
Mega Man X Legacy Collection 2, $22.99, PS4
METAL SLUG ANTHOLOGY™, $22.99, PS4
METAL SLUG XX, $22.99, PS4
Persona 3 Portable, $22.99, PS4
Planet of the Apes: Last Frontier, $22.99, PS4
Potato Sack Racing Simulator 2024, $22.99, PS4
RICO, $22.99, PS4
Road Redemption, $22.99, PS4
Slender: The Arrival, $14.94, PS5
S.T.A.L.K.E.R.: Clear Sky, $22.99, PS4
Surgeon Simulator: Experience Reality, $5.74, PS4
THE ORIGIN: Blind Maid, $12.64, PS4
Thronebreaker: The Witcher Tales, $22.99, PS4
Unspottable, $22.99, PS4
Untitled Goose Game, $11.49, PS4
Victor Vran, $22.99, PS4
Wobbledogs Console Edition, $22.99, PS4
WORLD OF HORROR, $18.39, PS4
Sniper Elite V2 Remastered, $29.99, PS4
Fallout 76, $39.99, PS4
Moonglow Bay, $22.79, PS5
Bomb Rush Cyberfunk PS4 & PS5, $26.24, PS5
Deep Rock Galactic PS4 & PS5, $33.99, PS5
The Walking Dead: Destinies, $17.99, PS5
Afterimage PS4 & PS5, $22.49, PS5
Alan Wake Remastered, $22.49, PS5
DREDGE, $22.49, PS5
KeyWe, $22.49, PS5
Promenade, $15.74, PS5
Risk of Rain 2, $22.49, PS4
SAMURAI WARRIORS 4, $22.49, PS4
The Survivalists, $22.49, PS4
Yakuza Kiwami, $17.99, PS4
NEO: The World Ends with You, $54.99, PS4
Assassin's Creed® Rogue Remastered, $8.99, PS4
Need for Speed™ Hot Pursuit Remastered, $39.99, PS4
DYSMANTLE, $22.99, PS5
LEGO® Worlds, $29.99, PS4
Need for Speed™, $17.99, PS4
Horizon Zero Dawn™ Complete Edition, $17.99, PS4
FINAL FANTASY IV, $20.49, PS4
Swordsman VR, $20.49, PS4
Spirit of the Island, $21.36, PS5
Disgaea 4 Complete+, $44.99, PS4
Monster Energy Supercross - The Official Videogame 5 PS4 & PS5, $44.99, PS5
F1® 23, $69.99, PS5
Shadow of the Colossus™, $34.99, PS4
BioShock Infinite: The Complete Edition, $19.99, PS4
BioShock Remastered, $19.99, PS4
TARZAN VR™, $21.36, PS4
Little Nightmares, $22.99, PS4
Smurfs Kart, $26.99, PS5
The Callisto Protocol™ PS5, $62.99, PS5
HOT WHEELS UNLEASHED™ 2 - Turbocharged PS4 & PS5, $44.99, PS5
SpongeBob SquarePants: Battle for Bikini Bottom - Rehydrated, $26.99, PS4
DRIFTCE, $13.49, PS5
Castle Crashers Remastered, $19.19, PS4
Just Shapes & Beats, $19.19, PS4
Sniper Ghost Warrior Contracts 2, $34.99, PS5
Murder House, $10.79, PS4
Uncharted™ 2: Among Thieves Remastered, $14.99, PS4
Headbangers: Rhythm Royale, $13.79, PS5
Onimusha: Warlords, $22.99, PS4
Food Truck Simulator, $18.39, PS4
Atomic Heart (PS4 & PS5), $71.99, PS5
PlayStation®VR Worlds, $26.99, PS4
Asterix & Obelix XXL 2, $17.99, PS5
DEAD RISING 2, $17.99, PS4
DINOSAURS: Mission Dino Camp, $17.99, PS4
Disgaea 1 Complete, $44.99, PS4
Fairy Fencer F: Advent Dark Force, $17.99, PS4
Farpoint, $17.99, PS4
Ghostbusters: Spirits Unleashed Ecto Edition, $8.99, PS5
Hello Neighbor Hide and Seek, $7.49, PS4
Hustle Kings™ VR, $17.99, PS4
Hyper Jam, $17.99, PS4
Let's Build a Zoo, $17.99, PS5
Mantis Burn Racing, $17.99, PS4
Motorcycle Club, $17.99, PS4
Murdered: Soul Suspect™, $17.99, PS4
My Friend Pedro, $17.99, PS4
Neon White, $22.49, PS5
Risen 3: Titan Lords - Enhanced Edition, $17.99, PS4
SIGNALIS, $12.59, PS4
STEEP, $17.99, PS4
Sudden Strike 4, $17.99, PS4
Syberia 3, $17.99, PS4
The Inpatient, $17.99, PS4
THE KING OF FIGHTERS XIII GLOBAL MATCH, $17.99, PS4
THE KING OF FIGHTERS XIV, $17.99, PS4
Them's Fightin' Herds PS4 & PS5, $17.99, PS5
Wizard of Legend, $5.39, PS4
Sniper Elite 4, $62.99, PS4
Emily Wants to Play Too, $8.99, PS4
Disney•Pixar Toy Story 3, $11.29, PS5
Tekken 6 PS4™ & PS5®, $11.29, PS5
Skul: The Hero Slayer, $9.59, PS4
AEW: Fight Forever, $34.99, PS5
Aliens: Fireteam Elite PS4 & PS5, $34.99, PS5
Chivalry 2 PS4 & PS5, $34.99, PS5
DC's Justice League: Cosmic Chaos, $34.99, PS5
Kingdom Come: Deliverance Royal Edition, $34.99, PS4
Marvel's Iron Man VR, $17.49, PS4
Tropico 6, $17.49, PS4
The LEGO Movie 2 Videogame, $4.19, PS4
Hunting Simulator 2, $10.99, PS4
Trine 3: The Artifacts of Power, $5.74, PS4
Dying Light 2 Stay Human PS4&PS5, $59.99, PS5
Horizon Forbidden West™, $59.99, PS5
NBA 2K24 Kobe Bryant Edition for PS4™, $59.99, PS4
TopSpin 2K25, $59.99, PS4
Tom Clancy's The Division 2, $29.99, PS4
Hobo: Tough Life, $18.51, PS4
As Dusk Falls PS4® & PS5®, $27.19, PS5
A Little to the Left, $13.59, PS5
All-In-One Sports VR, $16.99, PS4
ART OF FIGHTING ANTHOLOGY, $3.39, PS4
ClusterTruck, $4.24, PS4
D-Day Enhanced, $16.99, PS5
Dead Nation™: Apocalypse Edition, $16.99, PS4
Disc Jam™, $16.99, PS4
Don't Starve Together: Console Edition, $16.99, PS4
Everything, $16.99, PS4
Gorogoa, $16.99, PS4
Harvest Moon®: A Wonderful Life Special Edition, $16.99, PS4
Hello Engineer, $8.49, PS4
House Builder, $16.99, PS4
Kill It With Fire, $4.24, PS4
Kill It With Fire VR, Unavailable, PS4
Kill It With Fire VR, $9.34, PS5
Kingdoms and Castles, $16.99, PS5
Max Payne, $16.99, PS4
Neighbours back From Hell, $8.49, PS4
Nidhogg 2, $6.79, PS4
Olija, $16.99, PS4
OneShot: World Machine Edition, $11.89, PS4
PaRappa the Rapper Remastered, $16.99, PS4
Resident Evil Code: Veronica X, $16.99, PS4
SAMURAI SHODOWN VI™, $16.99, PS4
Screencheat, $16.99, PS4
Strategic Mind: Fight for Freedom, $18.69, PS4
Outer Wilds, $22.49, PS5
Tony Hawk's™ Pro Skater™ 1 + 2 - Cross-Gen Deluxe Bundle, $21.90, PS5
Move or Die, $16.39, PS4
Gravity Circuit, $17.49, PS5
One Piece: Unlimited World Red - Deluxe Edition, $44.99, PS4
Hunting Simulator, $17.99, PS4
Langrisser I & II, $39.99, PS4
Don't Starve: Console Edition, $15.79, PS4
Gibbon: Beyond the Trees PS4 & PS5, $15.79, PS5
Guacamelee! Super Turbo Championship Edition, $15.79, PS4
Agatha Christie - Hercule Poirot: The London Case, $17.49, PS5
That's My Family: Family Fun Night, $17.09, PS4
Ben 10: Power Trip, $26.99, PS5
Car Mechanic Simulator, $26.99, PS4
Dying Light - Enhanced Edition, $26.99, PS4
Persona 5 Tactica PS4 & PS5, $37.79, PS5
Fast & Furious: Spy Racers Rise of SH1FT3R, $34.99, PS5
FINAL FANTASY VII REMAKE, $34.99, PS4
The LEGO® Movie Videogame, $34.99, PS4
LEGO® 2K Drive for PS4™, $29.99, PS4
WARRIORS OROCHI 3 Ultimate, $22.49, PS4
Coffee Talk, $8.99, PS5
Farming Simulator 15, $14.99, PS4
GYLT, $8.99, PS4
Terror of Hemasaurus, $8.24, PS4
Ultimate Runner, $14.99, PS4
Uncharted™: Drake's Fortune Remastered, $14.99, PS4
Valiant Hearts: Coming Home, $14.99, PS4
Ghost of a Tale, $8.54, PS4
Accident, $8.81, PS4
BIG CROWN: SHOWDOWN, $14.69, PS4
Duck Game, $14.69, PS4
Evil Inside, $3.67, PS4
Fight of Animals: Arena, $14.69, PS4
I Saw Black Clouds, $9.54, PS5
PAC-MAN™ CHAMPIONSHIP EDITION 2, $14.69, PS4
Fruit Ninja VR, $19.19, PS4
Marsupilami: Hoobadventure - PS5™, $3.59, PS5
Days Gone™, $49.99, PS4
Horizon Forbidden West™, $49.99, PS4
Viewfinder, $28.49, PS5
Everdream Valley PS4 & PS5, $14.24, PS5
39 Days to Mars, $14.19, PS4
Jett Rider, $9.93, PS5
We Were Here Too, $3.38, PS4
We Were Here, $2.29, PS4
LEGO® The Hobbit, $34.99, PS4
Supermarket Shopping Simulator, $7.49, PS4
Arcadian Atlas, $13.79, PS5
Gunfire Reborn, $13.79, PS5
Worldless, $16.09, PS5
Filthy Animals | Heist Simulator, $11.49, PS4
Lost Judgment PS4 & PS5, $54.99, PS5
HELLDIVERS™: Super-Earth Ultimate Edition, $33.99, PS4
Shattered: Tale of the Forgotten King, $20.39, PS5
Unravel, $24.99, PS4
Watch Dogs: Complete Edition, $26.99, PS4
Magnet Knights, $13.49, PS4
Wanted: Dead PS4 & PS5, Unavailable, PS4
Zombie Vikings, $13.49, PS4
Freddy Fazbear's Pizzeria Simulator, $8.99, PS4
Zombie Army 4: Dead War, $44.99, PS4
Just Cause 3, $17.99, PS4
The Evil Within, $17.99, PS4
Middle-earth™: Shadow of Mordor™, $4.49, PS4
DORAEMON STORY OF SEASONS, $7.99, PS4
Jurassic World Aftermath Collection PS4 & PS5, $11.89, PS5
King Drift and hajwalah, $12.69, PS4
Asterix & Obelix XXL3: The Crystal Menhir, $17.99, PS5
Bakery Simulator, $13.43, PS4
Drawful 2, $5.57, PS4
Aragami 2, $17.49, PS5
Risk Urban Assault, $16.99, PS4
Christmas Massacre, $10.79, PS5
LEGO® Brawls, $17.99, PS5
STAR WARS™ Battlefront™ II, $17.99, PS4
Persona 3: Dancing in Moonlight, $8.99, PS4
STEINSGATE: My Darling's Embrace, $33.99, PS4
NieR Replicant ver.1.22474487139…, $58.99, PS4
Biomutant PS4 & PS5, $34.99, PS5
DRAGON BALL: THE BREAKERS, $4.49, PS4
First Class Trouble, $22.99, PS5
Planet of Lana, $22.99, PS5
Prison Simulator, $22.99, PS4
Vanquish, $22.99, PS4
The Escapists 2, $4.99, PS4
Candle Knight, $14.19, PS5
Taxi Driver Simulator 2024, $6.79, PS4
AFFECTED: The Manor - Complete Edition PS4 & PS5, $11.29, PS5
Air Aces, $7.90, PS4
Alone in the Dark: The New Nightmare (2001), $11.29, PS5
Beach Buggy Racing, $11.29, PS4
Boxville, $7.90, PS4
Bunny Factory, $11.29, PS4
Cube Life: Island Survival, $11.29, PS4
Don't Be Afraid, $11.29, PS4
Grow Up, $11.29, PS4
Hungry Shark® World, $11.29, PS4
Jump Stars, $1.12, PS4
LIMBO, $11.29, PS4
Ninjin: Clash of Carrots, $11.29, PS4
Old Man's Journey, $11.29, PS4
Oxenfree, $11.29, PS4
Punch Club, $2.82, PS4
Quake, $11.29, PS5
Redout: Space Assault, $11.29, PS4
Shovel Knight: Specter of Torment, $11.29, PS4
Slender: The Arrival, $2.25, PS4
Stikbold! A Dodgeball Adventure, $1.12, PS4
Teslagrad Remastered PS4 & PS5, $11.29, PS5
The Last of Us™: Left Behind (Standalone), $11.29, PS4
Theseus, $11.29, PS4
Twisted Metal: Black™, $11.29, PS4
Under The Jolly Roger, $12.29, PS4
Dead Cells, $22.49, PS5
Maid of Sker, $22.49, PS5
Synth Riders - Remastered Edition, $22.49, PS5
Kerbal Space Program Enhanced Edition, $44.99, PS4
Killer Frequency, $11.24, PS5
Plants vs. Zombies: Battle for Neighborville™, $29.99, PS4
Yakuza 6: The Song of Life, $17.99, PS4
Monopoly Deal, $5.59, PS4
MLB® The Show™ 24 PS5®, $76.99, PS5
Dreams™, $34.99, PS4
ONI: Road to be the Mightiest Oni (PS4 & PS5), $10.79, PS5
Farm Manager 2022, $6.79, PS4
AO Tennis 2, $7.49, PS4
Drift Zone, $7.89, PS4
Ghostrunner, $8.09, PS4
Dying Light, $17.99, PS4
Unpacking, $8.99, PS5
Helichapter X, $0.65, PS4
Super Arcade Soccer 2021, $4.73, PS4
Gone Home, $10.19, PS4
Top Gun Air Combat PS4 & PS5, $7.13, PS4
Emily Wants to Play, $6.79, PS4
Construction Simulator, $34.99, PS5
Monster Jam Steel Titans 2, $34.99, PS4
PAW Patrol The Movie: Adventure City Calls, $34.99, PS5
Until Dawn: Rush of Blood, $19.99, PS4
Blizzard® Arcade Collection, $9.99, PS4
Bridge Constructor Stunts, $9.99, PS4
Handball 17, $9.99, PS4
World Quiz, $9.99, PS4
The Entropy Centre, $28.49, PS5
Cook  Serve  Delicious!, $10.79, PS5
Death's Gambit: Afterlife, $9.89, PS4
DAVE THE DIVER, $22.99, PS5
Bang-On Balls: Chronicles, $14.24, PS5
Garfield Kart - Furious Racing, $2.69, PS4
Animal Shelter, $6.79, PS4
Kinduo 2 - Frostbite PS4® & PS5®, $5.59, PS5
Nun Massacre, $6.19, PS4
Plants vs. Zombies™ Garden Warfare, $5.39, PS4
Terraria – PlayStation®4 Edition, $21.49, PS4
Hood: Outlaws & Legends, $4.59, PS5
Tools Up!, $4.59, PS4
UFC® 4, $62.99, PS4
MY HERO ONE'S JUSTICE, $17.99, PS4
A Short Hike, $5.39, PS4
Assassin's Creed® Odyssey, $59.99, PS4
Flower™, $8.99, PS4
Grow Home, $8.99, PS4
Neverout, $8.99, PS4
Ni no Kuni: Wrath of the White Witch™ Remastered, $44.99, PS4
Persona 5: Dancing in Starlight, $8.99, PS4
Railway Empire, $8.99, PS4
Teared, $8.99, PS5
WRC 10 FIA World Rally Championship, $44.99, PS4
Need for Speed™ Rivals, $17.99, PS4
S.O.N, $12.63, PS4
ACA NEOGEO METAL SLUG, $3.94, PS4
Back 4 Blood: Standard Edition PS4 & PS5, $60.00, PS5
Assassin's Creed® Unity, $29.99, PS4
Far Cry Primal, $29.99, PS4
TOM CLANCY'S THE DIVISION, $29.99, PS4
Cat Quest II, $3.39, PS4
Ready  Steady  Ship!, $11.38, PS5
HAJWALA DESERT, $8.49, PS4
The Exorcist: Legion VR, $8.49, PS4
Late Shift, $14.99, PS5
WRC 9 FIA World Rally Championship PS4 & PS5, $6.99, PS5
BLACK CLOVER: QUARTET KNIGHTS, $54.99, PS4
The Occupation, $8.09, PS4
She Sees Red - Interactive Movie, $5.64, PS4
LISA: The Joyful - Definitive Edition, $7.90, PS5
Super Volley Blast, $5.64, PS4
ACA NEOGEO ART OF FIGHTING, $7.89, PS4
ACA NEOGEO KING OF THE MONSTERS, $7.89, PS4
ACA NEOGEO SAMURAI SHODOWN, $7.89, PS4
ACA NEOGEO THE KING OF FIGHTERS '94, $7.89, PS4
ACA NEOGEO THE KING OF FIGHTERS '96, $7.89, PS4
ACA NEOGEO THE KING OF FIGHTERS '99, $7.89, PS4
Arcade Archives CIRCUS CHARLIE, $7.89, PS4
Arcade Archives ELEVATOR ACTION, $7.89, PS4
Arcade Archives NUMAN ATHLETICS, $7.89, PS4
Arcade Archives RASTAN SAGA, $7.89, PS4
Arcade Archives Tank Battalion, $7.89, PS4
Arcade Archives TETRIS® THE ABSOLUTE THE GRAND MASTER 2 PLUS, $7.89, PS4
Counter Force: Tactical Warfare, $7.89, PS4
EDENGATE: The Edge of Life, $7.89, PS4
Fun with the Fitzgeralds, $7.89, PS4
CRISIS CORE –FINAL FANTASY VII– REUNION PS4 & PS5, $54.99, PS5
Exoprimal PS4 & PS5, $54.99, PS5
Injustice: Gods Among Us Ultimate Edition, $54.99, PS4
BEYOND: Two Souls™, $26.99, PS4
Frostpunk: Console Edition, $26.99, PS4
Paw Patrol: On a Roll!, $26.99, PS4
Bulletstorm: Full Clip Edition, $34.99, PS4
Operation: Tango, $19.19, PS5
METAL GEAR SOLID 3: Snake Eater - Master Collection Version PS4 & PS5, $22.99, PS5
Ships Simulator, $8.49, PS4
Oxide Room 104, $5.39, PS4
Delivery Driver - The Simulation, $10.24, PS4
Miraculous: Rise of the Sphinx, $44.99, PS5
Tactics Ogre: Reborn, $44.99, PS5
Arcadegeddon, $7.49, PS5
Far Cry®3 Classic Edition, $29.99, PS4
AeternoBlade II Infinity, $7.49, PS4
Farm Builder, $7.49, PS4
Psychonauts, $12.39, PS4
Bloodwash, $9.03, PS5
Ludo XXL, $7.19, PS4
Sébastien Loeb Rally EVO, $17.99, PS4
Tannenberg, $5.62, PS5
TRANSFORMERS: EARTHSPARK - Expedition, $34.99, PS5
AI: THE SOMNIUM FILES, $34.99, PS4
Brotato PS4 & PS5, $4.47, PS5
Bubsy: Paws on Fire!, $9.19, PS4
The King's Bird, $22.99, PS4
LEGO® Batman™ 3: Beyond Gotham, $17.99, PS4
Cyber Citizen Shockman 3: The princess from another world PS4® & PS5®, $6.79, PS5
Goalkeeper VR Challenge, $6.79, PS4
Nephenthesys PS4 & PS5, $6.79, PS5
Real Car Parking 2024: Driving Simulator, $6.79, PS4
RollerCoaster Legends II: Thor's Hammer, $6.79, PS4
Acceptance PS4® & PS5®, $3.39, PS5
Rally Racing: Cars & Drift Mania, $11.29, PS4
Aven Colony, $26.99, PS4
Fire Pro Wrestling World, $44.99, PS4
MotoGP™22 PS4 & PS5, $44.99, PS5
RIDE 4, $44.99, PS4
Trine Enchanted Edition, $3.37, PS4
Night Book, $8.07, PS5
FAR: Changing Tides PS4 & PS5, $9.19, PS5
KNACK™, $22.99, PS4
V-Rally 4, $2.69, PS4
Air Conflicts Vietnam Ultimate Edition, $12.99, PS4
Jak and Daxter: The Lost Frontier, $11.29, PS5
UNO®, Free, PS4
Cyberpunk 2077, Unavailable, PS4
DEAD OR ALIVE 5 Last Round, $44.99, PS4
Easy Flight Simulator, $3.91, PS4
FINAL FANTASY XII THE ZODIAC AGE, $44.99, PS4
KINGDOM HEARTS HD 1.5 + 2.5 ReMIX, $44.99, PS4
Moving Out, $22.49, PS4
FAR: LONE SAILS, $3.39, PS4
Mayhem Brawler PS4 & PS5, $7.19, PS5
Toy Stunt Bike: Tiptop's Trials, $3.09, PS4
Hole io, $5.59, PS4
Curious Cases, $5.59, PS4
Alba: A Wildlife Adventure, $6.89, PS5
Sandstorm Strike Force, $4.75, PS4
Sakura Alien 2 PS4® & PS5®, $6.02, PS5
Sakura Alien PS4® & PS5®, $6.02, PS5
Sakura MMO Extra PS4® & PS5®, $6.02, PS5
Gravity Rush™ 2, $13.99, PS4
ARCADE GAME SERIES: PAC-MAN, $4.49, PS4
THE KING OF FIGHTERS 2002 UNLIMITED MATCH, $14.99, PS4
Alien: Isolation, $10.19, PS4
Demolish & Build, $6.89, PS4
Far Cry® New Dawn, $39.99, PS4
FEZ, $11.29, PS4
Tails of Iron, $22.49, PS5
3D Table Soccer Foosball, $3.91, PS4
AMAZE!, $5.59, PS4
America Wild Hunting, $3.91, PS4
A Tale Of Paper: Unfolded Melody, $5.59, PS4
Blues and Bullets - Episode 1, $5.59, PS4
Dig Deep, $5.59, PS4
Grand Prix Racing PS4 & PS5, $3.91, PS4
Hermit's Tic-Tac-Toe, $5.59, PS4
Just In Time Incorporated, $5.59, PS4
Mr. Brocco & Co., $5.59, PS5
Pocket Mini Golf 2, $5.59, PS4
Puzzle Showdown 4K, $5.59, PS4
Rayland 2 PS4 & PS5, $5.59, PS5
Run Sausage Run!, $5.59, PS4
Sausage Wars, $5.59, PS4
Vampire Slayer: The Resurrection, $2.79, PS4
VR Pigeons, $3.35, PS5
Suicide Guy, $1.25, PS4
Aspire Ina's Tale, $3.67, PS4
Airport Simulator 2019, $26.99, PS4
The Walking Dead Onslaught, $26.99, PS4
Nine Parchments, $5.28, PS4
MotoGP™21, $5.24, PS4
Paper io 2, $5.59, PS4
Brothers: a Tale of two Sons, $17.99, PS4
Nioh, $17.99, PS4
The Dark Pictures Anthology: Little Hope PS4 & PS5, $8.99, PS5
Lotus Reverie: First Nexus, $2.93, PS4
Red Faction II, $2.54, PS4
TT Isle of Man: Ride on the Edge, $1.79, PS4
Farm Frenzy: Refreshed, $5.64, PS4
ScourgeBringer, $5.75, PS5
Johnny Trigger, $5.59, PS4
A Plague Tale: Innocence, Free, PS4
Bus Simulator 21 Next Stop, $34.99, PS5
Empire of Sin, $34.99, PS4
Monster Jam Steel Titans, $34.99, PS4
MY LITTLE PONY: A Maretime Bay Adventure, $34.99, PS5
Balatro, $11.99, PS5
The Elder Scrolls V: Skyrim Special Edition - PS5 & PS4, $34.99, PS5
Godstrike, $4.94, PS4
The Dark Pictures Anthology: Man of Medan PS4 & PS5, $11.49, PS5
HUMANITY, $33.99, PS5
MONOPOLY PLUS, $16.99, PS4
Jak II™: Renegade, $16.99, PS4
Twisted Metal, $11.29, PS5
Ship Graveyard Simulator, $5.09, PS4
Bang-On Balls: Chronicles, $14.24, PS4
Balloon Girl, $4.73, PS4
Moss: Book II, $18.74, PS4
FIA European Truck Racing Championship, $26.99, PS4
Judgment, $26.99, PS4
Figment, $5.74, PS4
Minute Of Islands, $4.59, PS4
Orbital Bullet, $4.59, PS4
Slyde, $2.29, PS4
Sable's Grimoire: Man And Elf PS4® & PS5®, $4.54, PS5
Foxy's Coin Hunt, $3.39, PS4
Out Of Space: Couch Edition, $4.51, PS4
Akiba's Beat, $17.99, PS4
Caretaker, $3.36, PS4
Don't Knock Twice, $6.29, PS4
.hack//G.U. Last Recode, $44.99, PS4
Offroad Moto Bike, $3.14, PS4
Open Country, $14.99, PS4
Sherlock Holmes: The Devil's Daughter, $44.99, PS4
Vaccine, $2.69, PS4
Valkyria Chronicles Remastered, $17.99, PS4
Zombie Army Trilogy, $44.99, PS4
PuzzlePet: Feed Your Cat, $5.59, PS5
Paranormal Activity: The Lost Soul, $5.69, PS4
Donut County, $14.69, PS4
The Spectrum Retreat, $4.40, PS4
1-2-Word Search!, $2.89, PS5
Looking for Aliens, $4.73, PS4
Suicide Guy: Sleepin' Deeply, $0.88, PS4
Golazo! Football League, $2.20, PS4
ATONE: Heart of the Elder Tree, $4.24, PS4
Mr. Prepper, $5.09, PS4
Overpass, $2.69, PS4
Anthology of Fear, $4.51, PS4
Jetpack Joyride, $4.09, PS4
9-Ball Pocket, $4.07, PS5
Farm Day Simulator 2024, $4.75, PS4
Tinykin, $9.97, PS5
The Street 10, $3.39, PS4
RIDE, $1.79, PS4
Quake II, $3.99, PS5
ACA NEOGEO LAST RESORT, $3.94, PS4
ACA NEOGEO PUZZLED, $3.94, PS4
ACA NEOGEO REAL BOUT FATAL FURY SPECIAL, $3.94, PS4
The Galactic Junkers, $3.94, PS4
Cat Pipes, $5.59, PS5
Disney•Pixar Buzz Lightyear of Star Command, $6.79, PS5
Disney•Pixar Up, $6.79, PS5
Grand Ages: Medieval, $26.99, PS4
Ice Age: Scrat's Nutty Adventure, $26.99, PS5
Mega Man 11, $26.99, PS4
Street Fighter 30th Anniversary Collection, $26.99, PS4
The Dark Pictures Anthology: House of Ashes PS4 & PS5, $26.99, PS5
Valiant Hearts: The Great War, $13.49, PS4
GORN, $22.99, PS5
METAL GEAR SOLID 2: Sons of Liberty - Master Collection Version PS4 & PS5, $22.99, PS5
Trek to Yomi, $22.99, PS5
Party Friends, $2.24, PS4
Sports Bar VR 2.0, $5.07, PS4
Mugsters, $5.59, PS4
SpeedRunners, $2.82, PS4
Let's Cook Together, $14.99, PS4
Mob Control, $4.47, PS4
Vampire: The Masquerade - Shadows of New York, $4.40, PS4
Jak 3™, $16.99, PS4
Bibi & Tina at the horse farm, $3.59, PS4
My Riding Stables – Life with Horses, $3.59, PS4
Puyo Puyo™ Tetris®, $3.59, PS4
Agony, $1.79, PS4
Leisure Suit Larry - Wet Dreams Don't Dry Happy Ending Edition, $3.49, PS4
The Princess Guide, $34.99, PS4
Batman™: Arkham VR, $22.99, PS4
Snake Pass, $3.44, PS4
Superliminal, $23.99, PS5
FOAMSTARS, $23.79, PS5
LocoRoco™ Remastered, $16.99, PS4
Case Files: The Death of Paulette Williams, $3.39, PS4
Chess Royal, $2.03, PS4
Cuties Hacked Premium Edition, $3.39, PS5
GARDEN PATROL PS4® & PS5®, $2.71, PS5
Hypertension, $2.03, PS4
Neversong, $3.39, PS4
NIGHTGHAST, $3.39, PS4
Pizza Tycoon, $3.39, PS4
River Pirates, $3.39, PS4
The Guise PS4™ & PS5™, $3.39, PS5
Marooners, $11.29, PS4
Virginia - The Game., $3.38, PS4
Light-It Up, $5.59, PS4
Mimi the cat: Mimi's Scratcher, $5.59, PS5
Mystical Mixing, $3.35, PS4
SETTRIS PS4 & PS5, $5.59, PS5
Tearaway™ Unfolded, $22.99, PS4
MediEvil, $11.29, PS5
Rally Cross, $11.29, PS5
Twisted Metal World Tour, $11.29, PS5
MXGP3 - The Official Motocross Videogame, $1.79, PS4
This War of Mine: The Little Ones, $1.79, PS4
Cloudpunk, $22.49, PS4
Prison Architect: PlayStation®4 Edition, $5.62, PS4
Sofiya and the Ancient Clan PS4 & PS5, $3.14, PS5
Anima: Gate of memories, $2.69, PS4
Trine 4: The Nightmare Prince, $7.19, PS4
Burnout™ Paradise Remastered, $17.99, PS4
THE KING OF FIGHTERS '98 ULTIMATE MATCH FINAL EDITION, $14.99, PS4
Overruled!, $14.69, PS4
Everlune, $2.89, PS4
The Letter: Classic Edition, $2.02, PS4
AWAY: Journey to the Unexpected, $3.83, PS4
Poly Island PS4 & PS5, $2.29, PS5
The Beast Inside, $28.49, PS4
Dark Chronicle™, $16.99, PS4
Spelunky, $16.99, PS4
The Legend of Dragoon, $11.29, PS5
Extreme Wrestling, $3.91, PS4
A HERO AND A GARDEN PS4™ & PS5™, $2.79, PS5
Kill The Bad Guy, $2.36, PS4
Funny Truck, $1.09, PS4
Mitsurugi Kamui Hikae, $2.69, PS4
Monster Energy Supercross - The Official Videogame 3, $2.69, PS4
My Bakery Empire, $6.74, PS4
Rugby 20, $2.69, PS4
Little Adventure on the Prairie, $1.79, PS4
Xenon Racer, $1.49, PS4
Sparkle 2 PS4 & PS5, $3.15, PS5
Sparkle 2 PS4 & PS5, $3.15, PS4
DOOM 3, $4.51, PS4
ABZÛ, $6.29, PS4
Brawlout, $17.99, PS4
Mount & Blade: Warband, $17.99, PS4
OUTRIDERS PS4 & PS5, $17.99, PS5
Redout 2, $17.99, PS5
The Pedestrian, $5.39, PS5
Klonoa Phantasy Reverie Series PS4 & PS5, $44.99, PS5
Sagebrush, $0.67, PS4
Dishonored 2, $17.99, PS4
PixelJunk™ Monsters 2, $16.99, PS4
Red Faction, $2.54, PS4
Shape of the World, $3.39, PS5
Train Station Renovation, $3.39, PS4
2Dark, $1.79, PS4
Tales of Arise PS4 & PS5, $17.49, PS5
Beaver Fun, $2.86, PS4
Christmas Fun, $2.86, PS4
Coffee Fun, $2.86, PS4
Horror Fun, $2.86, PS4
Tricky Towers, $16.99, PS4
inFAMOUS™ First Light, $16.99, PS4
Jak and Daxter: The Precursor Legacy™, $16.99, PS4
DOOM 64, $1.84, PS4
LEGO® CITY Undercover, $54.99, PS4
Darksiders II Deathinitive Edition, $26.99, PS4
Blindfold A Vérité VR Experience, $2.29, PS4
Death Motel, $2.29, PS4
Detail Detective, $2.29, PS4
ExitSlum11, $2.29, PS4
Gauntlet: Slayer Edition, $2.29, PS4
Shing!, $22.99, PS4
Road Bustle, $1.09, PS4
Death Squared, $3.94, PS4
Golf Club Nostalgia, $2.25, PS4
Horse Racing, $2.25, PS4
PLANET ALPHA, $2.25, PS4
Spot The Difference Fantasy Edition, $2.25, PS4
Classic Pool, $2.24, PS4
DOOM (1993), $2.23, PS4
Go! Go! PogoGirl, $2.23, PS5
Roll The Cat PS4 & PS5, $2.23, PS5
Itadaki Smash, $3.05, PS4
Road Bustle Online, $0.29, PS4
Surgeon Simulator: Anniversary Edition, $3.09, PS4
Pankapu, $2.69, PS4
Shadow Samurai Revenge, $1.79, PS4
Darksiders III, $34.99, PS4
GRID Legends PS4 & PS5, $59.99, PS5
Flockers, $1.99, PS4
Valentino Rossi The Game, $1.49, PS4
Clouds & Sheep 2, $1.12, PS4
Disco Cannon Airlines, $1.09, PS4
Disney•Pixar Toy Story 2: Buzz Lightyear to the Rescue!, $6.79, PS5
Moss™, $13.49, PS4
Chickens On The Road, $1.09, PS4
DOOM II (Classic), $2.23, PS4
FINAL FANTASY XV MULTIPLAYER: COMRADES, $11.29, PS4
Syphon Filter, $11.29, PS5
Crowd City, $5.59, PS4
Wreckfest PlayStation®5 Version, $39.99, PS5
Road Bustle 2, $1.09, PS4
LEGO® Jurassic World™, $34.99, PS4
Anima: Gate of Memories - The Nameless Chronicles, $2.69, PS4
Bright Side: Riddles and Puzzles, $5.39, PS4
Pocket Soccer, $0.91, PS4
Trine 2: Complete Story, $4.41, PS4
Indivisible, $34.99, PS4
Lunch A Palooza, $3.39, PS4
Soccer Pinball, $1.69, PS4
Space Explorers : Lunar Mission, $1.69, PS4
Space Scavengers, $3.39, PS4
Lila's Tale and the Hidden Forest, $3.91, PS4
The Explorer of Night, $5.59, PS4
Drift Racing Madness, $0.81, PS4
Flute The Snake Charmer, $0.87, PS5
Ape Escape P, $11.29, PS5
Assassin's Creed Chronicles: China, $11.29, PS4
Assassin’s Creed Chronicles: India, $11.29, PS4
Extreme Bike Racing, $11.29, PS4
Forbidden Siren, $11.29, PS4
Hotline Miami, $11.29, PS5
Ridge Racer 2 PS4 & PS5, $11.29, PS5
Thrillville, $11.29, PS5
Ashen, $44.99, PS4
Pipes Master, $1.14, PS4
Tokyo Run, $1.09, PS4
Pangeon, $1.57, PS4
Dungeons and Goblins, $2.24, PS4
Breezy Paws, $1.09, PS4
DC League of Super-Pets: The Adventures of Krypto and Ace, $34.99, PS5
Dungeon Adventure, $0.54, PS4
All-Star Fruit Racing, $1.49, PS4
Annihilation, $1.47, PS4
Oddworld: Soulstorm Enhanced Edition, $34.99, PS5
WBSC eBASEBALL™: POWER PROS, $1.09, PS4
Erica, $9.99, PS4
Horror Stories, $1.09, PS4
Aquarium Land, $3.63, PS4
Minigolf Adventure, $2.23, PS4
Roarr! Jurassic Edition, $1.39, PS4
Super Box Delivery: Beyond the Horizon, $2.23, PS4
Age of Sokoban, $1.37, PS4
Easter Journey, $0.65, PS4
Item Tower, $1.69, PS4
Wire Lips, $3.39, PS4
Whispered Flight, $1.09, PS4
Brain Breaker, $0.83, PS4
The Dark Pictures Anthology: Little Hope PS4 & PS5, Free, PS4
Alone Musc, $1.37, PS4
Monster Truck Championship, $34.99, PS4
Rail Trail, $2.29, PS4
Harvest Moon: Back to Nature, $6.79, PS5
Funtoon's World, $1.57, PS4
Super Kids Racing - Snow Edition, $7.89, PS4
One Night Stand, $1.11, PS4
Destroy All Humans! Clone Carnage, $0.29, PS4
Alien Destroyer, $1.09, PS4
Bigfoot's Journey, $1.09, PS4
Christmas Journey Puzzle, $0.65, PS4
Grimoire Organizer, $1.09, PS4
Learn Hiragana!!, $1.09, PS4
Learn Katakana!!, $1.09, PS4
Phlegethon, $1.09, PS4
Rainbow Snake, $1.09, PS4
Run To Infinity, $1.09, PS4
Space Intervention, $1.09, PS4
Worm War, $0.81, PS4
The Walking Dead: A New Frontier - Episode 1, $7.29, PS4
Darksiders Warmastered Edition, $17.99, PS4
Ramp Car Racing, $1.14, PS4
Jetboard Joust, $1.01, PS4
Detective Inspector: Mysterious Clues, $0.91, PS4
Run Show Quest, $1.09, PS4
Meadow Gallop, $1.09, PS4
Road Stomp, $1.09, PS4
Worms World Party [PS1 Emulation], $5.59, PS5
Make the Burger, $4.49, PS4
Harmony's Odyssey, $16.99, PS5
Plumber Hero, $1.14, PS4
Plumber Puzzles, $1.14, PS4
Mortal Shell: Enhanced Edition, $26.99, PS5
Celebrities Hacked Premium Edition, $0.50, PS5
Eiyuden Chronicle: Rising, $16.99, PS5
REVOLVE A, $3.39, PS4
Alien Engine, $1.09, PS4
Cyber Engine, $1.09, PS4
Earth Defense Force 4.1: The Shadow of New Despair, $17.99, PS4
Titanfall™ 2 Standard Edition, $17.99, PS4
What Remains of Edith Finch, $17.99, PS5
Wolfenstein: Youngblood, $17.99, PS4
SWARM, $1.09, PS4
Ayleouna, $0.59, PS4
Good Guys, $0.59, PS4
Hoodie Survivor, $0.14, PS4
Word Quest, $0.91, PS4
Aborigenus, $5.59, PS4
Castle of no Escape, $5.59, PS4
Cyber Tank, $5.59, PS4
Maze Blaze, $2.25, PS4
Scheming Through The Zombie Apocalypse: The Beginning, $0.55, PS4
SoulFrost, $5.59, PS4
SLICK SLACK, $1.09, PS4
Dodge These Balls, $0.59, PS4
A Frog Game, $0.29, PS4
Rayflector, $4.49, PS4
Spectrewoods, $0.14, PS4
The Voices Stories, $0.39, PS4
Dead Island: Riptide Definitive Edition, $17.99, PS4
BAMBOO, $3.39, PS4
MIRROR FLOOR, $3.39, PS4
TAPPUMP, $3.39, PS4
THUNDER, $3.39, PS4
TWIN P, $3.39, PS4
TWO LANE, $3.39, PS4
Violetti Goottii, $0.29, PS4
HAKOSAN, $1.09, PS4
DimCom, $1.39, PS4
R DRIVE, $1.09, PS4
1001 Spikes, $16.99, PS4
101 Ways to Die, $5.64, PS4
10 Seconds to Win! PS4 & PS5, $5.59, PS5
11-11 Memories Retold, $22.49, PS4
140, $10.19, PS4
15in1 Solitaire, $3.39, PS4
18 Floors, $16.99, PS4
1971 Project Helios, $14.99, PS4
1976 - Back to midway, $22.99, PS4
1979 Revolution: Black Friday, $2.02, PS4
1993 Shenandoah, $9.03, PS4
20XX, $17.99, PS4
2MD: VR Football Head 2 Head Edition, $11.29, PS4
30 Sport Games in 1, $17.09, PS4
3D Air Hockey, $3.91, PS4
3D Arcade Fishing, $10.79, PS4
3D Billiards - Pool & Snooker, $12.05, PS4
3D MiniGolf, $17.99, PS4
3in1 Game Collection: Backgammon + Checkers + Mills, $10.79, PS4
3on3 FreeStyle, Free, PS4
41 Hours PS4 & PS5, $22.99, PS5
428: Shibuya Scramble, $44.99, PS4
7 Days Heroes, $11.29, PS4
7 Days of Rose PS4 & PS5, $5.59, PS5
7 Days to Die, $29.99, PS4
7th Sector, $22.99, PS4
8 & 9 Ball Pocket, $11.29, PS5
8-bit Adventure Anthology: Volume I, $8.99, PS4
8-Bit Armies, $1.49, PS4
8-Bit Hordes, $1.49, PS4
8-Bit Invaders!, $1.49, PS4
8Doors: Arum's Afterlife Adventure, $17.99, PS5
8 To Glory - The Official Game of the PBR, $32.99, PS4
99 Moves, $2.03, PS5
99 Seconds, $3.39, PS5
99Vidas, $11.29, PS4
Aabs Animals, $13.49, PS4
Aaero, $20.49, PS4
A Bastard's Tale, $2.71, PS4
A Boy and His Blob, $11.29, PS4
A Boy and His Blob Retro Collection, $6.49, PS5
Absolute Drift: Zen Edition, $13.49, PS4
Absolute Tactics: Daughters of Mercy, $16.79, PS5
Absolver: Downfall, $33.99, PS4
A Building Full of Cats, $2.03, PS4
Abyss Odyssey: Extended Dream Edition, $16.99, PS4
Abyss: The Wraiths of Eden, $16.99, PS4
Academy of drift, $22.99, PS4
Acalesia, $5.59, PS4
ACA NEOGEO 2020 SUPER BASEBALL, $7.89, PS4
ACA NEOGEO AERO FIGHTERS 2, $7.89, PS4
ACA NEOGEO AERO FIGHTERS 3, $7.89, PS4
ACA NEOGEO ALPHA MISSION II, $7.89, PS4
ACA NEOGEO ART OF FIGHTING 2, $7.89, PS4
ACA NEOGEO ART OF FIGHTING 3, $7.89, PS4
ACA NEOGEO BIG TOURNAMENT GOLF, $7.89, PS4
ACA NEOGEO BLAZING STAR, $7.89, PS4
ACA NEOGEO BLUE'S JOURNEY, $8.99, PS4
ACA NEOGEO BURNING FIGHT, $7.89, PS4
ACA NEOGEO FATAL FURY, $7.89, PS4
ACA NEOGEO FATAL FURY 2, $7.89, PS4
ACA NEOGEO FATAL FURY 3, $7.89, PS4
ACA NEOGEO FATAL FURY SPECIAL, $7.89, PS4
ACA NEOGEO GALAXY FIGHT: UNIVERSAL WARRIORS, $7.89, PS4
ACA NEOGEO GHOST PILOTS, $7.89, PS4
ACA NEOGEO Gururin, $7.89, PS4
ACA NEOGEO KARNOV'S REVENGE, $7.89, PS4
ACA NEOGEO KING OF THE MONSTERS 2, $7.89, PS4
ACA NEOGEO MAGICAL DROP II, $7.89, PS4
ACA NEOGEO MAGICAL DROP III, $7.89, PS4
ACA NEOGEO MAGICIAN LORD, $7.89, PS4
ACA NEOGEO METAL SLUG 2, $7.89, PS4
ACA NEOGEO METAL SLUG 3, $7.89, PS4
ACA NEOGEO METAL SLUG 4, $7.89, PS4
ACA NEOGEO METAL SLUG 5, $7.89, PS4
ACA NEOGEO METAL SLUG X, $3.94, PS4
ACA NEOGEO MUTATION NATION, $7.89, PS4
ACA NEOGEO NAM-1975, $7.89, PS4
ACA NEOGEO NINJA COMBAT, $7.89, PS4
ACA NEOGEO OVER TOP, $7.89, PS4
ACA NEOGEO POWER SPIKES II, $7.89, PS4
ACA NEOGEO PULSTAR, $7.89, PS4
ACA NEOGEO PUZZLE BOBBLE, $7.89, PS4
ACA NEOGEO PUZZLE BOBBLE 2, $7.89, PS4
ACA NEOGEO REAL BOUT FATAL FURY, $7.89, PS4
ACA NEOGEO REAL BOUT FATAL FURY 2, $7.89, PS4
ACA NEOGEO ROBO ARMY, $3.94, PS4
ACA NEOGEO SAMURAI SHODOWN II, $7.89, PS4
ACA NEOGEO SAMURAI SHODOWN III, $7.89, PS4
ACA NEOGEO SAMURAI SHODOWN IV, $7.89, PS4
ACA NEOGEO SAMURAI SHODOWN V, $7.89, PS4
ACA NEOGEO SAMURAI SHODOWN V SPECIAL, $7.89, PS4
ACA NEOGEO SENGOKU, $7.89, PS4
ACA NEOGEO SENGOKU 2, $7.89, PS4
ACA NEOGEO SENGOKU 3, $7.89, PS4
ACA NEOGEO SHOCK TROOPERS, $7.89, PS4
ACA NEOGEO SHOCK TROOPERS 2nd Squad, $7.89, PS4
ACA NEOGEO SOCCER BRAWL, $7.89, PS4
ACA NEOGEO SPIN MASTER, $7.89, PS4
ACA NEOGEO STAKES WINNER, $3.94, PS4
ACA NEOGEO STREET HOOP, $7.89, PS4
ACA NEOGEO SUPER SIDEKICKS, $7.89, PS4
ACA NEOGEO THE KING OF FIGHTERS 2000, $7.89, PS4
ACA NEOGEO THE KING OF FIGHTERS 2001, $7.89, PS4
ACA NEOGEO THE KING OF FIGHTERS 2002, $7.89, PS4
ACA NEOGEO THE KING OF FIGHTERS 2003, $7.89, PS4
ACA NEOGEO THE KING OF FIGHTERS '95, $7.89, PS4
ACA NEOGEO THE KING OF FIGHTERS '97, $7.89, PS4
ACA NEOGEO THE KING OF FIGHTERS '98, $7.89, PS4
ACA NEOGEO THE LAST BLADE, $7.89, PS4
ACA NEOGEO TOP HUNTER RODDY & CATHY, $7.89, PS4
ACA NEOGEO WAKU WAKU 7, $7.89, PS4
ACA NEOGEO WORLD HEROES, $7.89, PS4
ACA NEOGEO WORLD HEROES 2, $3.94, PS4
ACA NEOGEO WORLD HEROES 2 JET, $7.89, PS4
ACA NEOGEO WORLD HEROES PERFECT, $7.89, PS4
ACA NEOGEO ZED BLADE, $7.89, PS4
A Castle Full of Cats, $2.69, PS4
Accel World VS. Sword Art Online, $54.99, PS4
Ace Banana, $15.79, PS4
Ace of Seafood, $2.54, PS4
Aces of the Luftwaffe, $5.59, PS4
Aces of the Luftwaffe - Squadron, $16.99, PS4
A Chair in a Room: Greenwater, $24.99, PS4
Achtung! Cthulhu Tactics, $6.74, PS4
Action Arcade Wrestling, $16.39, PS4
Action Henk, $1.69, PS4
Action SuperCross, $3.39, PS4
ACT IT OUT! A Game of Charades, $2.36, PS4
Actraiser Renaissance, $33.99, PS4
Adam's Venture: Origins, $1.49, PS4
Adam Wolfe, $20.24, PS4
A Day Without Me, $2.79, PS4
ADIOS Amigos: Galactic Explorers, $13.49, PS4
ADK DAMASHII™, $4.24, PS4
ADR1FT, $5.74, PS4
Adrian's Tale, $6.79, PS4
Adventure Academia: The Fractured Continent, $34.99, PS4
Adventure Bar Story, $20.49, PS4
AdVenture Capitalist, Free, PS4
Adventure Pinball Bundle, $3.94, PS5
Adventures of Chris, $14.99, PS4
Adventure Tanks, $13.49, PS4
Adventure Time: Pirates of the Enchiridion, $22.49, PS4
Aegis of Earth: Protonovus Assault, $17.99, PS4
Aeon Drive, $16.99, PS5
Aeon Must Die!, $22.99, PS4
AereA, $0.99, PS4
Aero Striker - World Invasion, $11.29, PS4
Aery - A Journey Beyond Time, $13.49, PS4
Aery - Ancient Empires, $13.49, PS4
Aery - Broken Memories, $16.99, PS4
Aery - Calm Mind 3, $11.29, PS4
Aery - Calm Mind 4, $13.49, PS4
Aery - Cyber City, $11.29, PS4
Aery - Flow of Time, $16.99, PS4
Aery – Heaven & Hell, $4.51, PS4
Aery - Last Day of Earth, $13.49, PS4
Aery - Little Bird Adventure, $13.49, PS4
Aery - Path of Corruption, $11.29, PS4
Aery - Sky Castle, $11.29, PS4
Aery - Stone Age, $13.49, PS4
Aery - The Lost Hero, $14.69, PS4
Aery - Vikings, $13.49, PS4
Aeterna Noctis, $10.79, PS5
AeternoBlade, $8.49, PS4
AFFECTED: The Manor - Complete Edition PS4 & PS5, Unavailable, PS4
A Fisherman’s Tale, $16.99, PS4
AFL 23, $62.99, PS5
A Frog's Job PS4 & PS5, $5.59, PS5
Afterdream, $8.67, PS4
Afterparty, $22.99, PS4
After the Fall® - Complete Edition, $33.99, PS5
After Wave: Downfall, $16.99, PS4
After You, $5.52, PS5
Agatha Christie - Murder on the Orient Express, $34.99, PS5
Agatha Christie - The ABC Murders, $14.99, PS4
Agent A: A puzzle in disguise, $22.99, PS4
Age of Wonders: Planetfall, $26.99, PS4
Aggelos, $14.99, PS4
Agriculture PS4 & PS5, $5.59, PS5
Aground, $7.80, PS4
A Hat in Time, $15.99, PS4
Airborne Kingdom, $24.99, PS4
Air Conflicts: Double Pack, $26.99, PS4
Air Conflicts: Pacific Carriers - PlayStation®4 Edition, $17.99, PS4
Air Conflicts: Secret Wars Ultimate Edition, $34.99, PS4
Air Fight - Sky Fighters, $33.99, PS4
Airheart - Tales of broken Wings, $7.17, PS4
Air Missions: Hind, $17.99, PS4
Airoheart, $17.99, PS4
Airport Simulator: Day & Night, $26.99, PS4
AI: THE SOMNIUM FILES - nirvanA Initiative, Game Trial, PS4
Akai Katana Shin, $26.99, PS4
Akane, $4.49, PS4
Akash: Path of the Five, $36.99, PS4
AKIBA'S TRIP: Undead & Undressed, $29.99, PS4
Akka Arrh, $17.99, PS5
A Knight's Quest, $2.84, PS4
AK-xolotl, $21.49, PS5
Albacete Warrior PS4 & PS5, $3.95, PS5
Albedo: Eyes From Outer Space, $16.99, PS4
Albert and Otto, $2.02, PS4
Alchemic Cutie, $17.99, PS4
Alchemic Jousts, $10.19, PS4
Alchemist Adventure, $22.99, PS4
Alchemist's Castle, $1.71, PS4
Alchemist Simulator, $10.79, PS4
Alchemy Garden, $10.28, PS5
Alice Escaped!, $22.99, PS4
Alice Gear Aegis CS Concerto of Simulatrix, $26.99, PS5
Alice Sisters, $6.79, PS4
ALIENATION™, $22.99, PS4
Alien Invasion, $2.25, PS4
Aliens Attack, $7.89, PS4
Aliens: Dark Descent, $44.99, PS5
Alien Shooter, $8.99, PS4
Alienzix, $3.39, PS4
A Light in the Dark, $22.99, PS4
Alina Of The Arena PS4™ & PS5®, $14.34, PS5
A Little Walk in the Woods, $2.89, PS4
Alive Paint PS4 & PS5, $5.59, PS5
Alone With You, $11.29, PS4
Alpaca Wonders Why, $4.49, PS4
Alpha Invasion, $3.39, PS4
Alpha Particle PS4 & PS5, $11.29, PS5
Alpha Warrior, $8.99, PS4
Alpine - The Simulation Game, $26.99, PS4
Alterity Experience, $11.29, PS4
ALVO VR, $8.49, PS4
Alwa's Awakening, $3.38, PS4
Alwa's Legacy, $5.09, PS4
Always Sometimes Monsters, $3.37, PS4
Amabilly PS4® & PS5®, $5.59, PS5
A Matter of Principle, $4.49, PS4
Amazing Discoveries In Outer Space, $15.79, PS4
A Memoir Blue, $8.00, PS5
American Fugitive, $2.29, PS4
Amnesia: Collection, $31.99, PS4
Among the Sleep - Enhanced Edition, $16.99, PS4
Amplitude, $22.99, PS4
Ancestors Legacy, $29.99, PS4
Ancestors: The Humankind Odyssey, $9.24, PS4
Ancient Mahjong, $2.37, PS4
Ancient Stories: Gods of Egypt, $7.89, PS4
Ancient Weapon Holly PS4 & PS5, $20.49, PS5
Ancient Weapon Holly PS4 & PS5, $20.49, PS5
An Evil Existence, $19.19, PS4
Angels of Death, $14.19, PS4
Anglerfish, $6.77, PS4
Angry Birds VR: Isle of Pigs, $16.99, PS4
Animal Doctor, $17.99, PS4
Animal Force, $14.99, PS4
Animal Hospital, $34.99, PS5
Animal Kart Racer 2, $10.79, PS4
Animal Rivals, $7.89, PS4
Animal Super Squad, $13.49, PS4
Ankora: Lost Days, $22.99, PS4
Anodyne, $3.38, PS4
Anomaly 2, $1.57, PS4
ANONYMOUS;CODE, $54.99, PS4
Another Crusade, $11.69, PS4
Another Dawn, $19.19, PS4
Another Sight, $26.99, PS4
Another World Mahjong Girl PS4 & PS5, $11.29, PS5
Anoxemia, $8.99, PS4
Anthem™, $19.99, PS4
Antigraviator, $22.99, PS4
Anyone's Diary, $11.29, PS4
AO International Tennis, $17.99, PS4
A Painter's Tale: Curon  1950, $7.89, PS4
Ape Academy, $11.29, PS5
Ape Academy 2, $11.29, PS5
Ape Escape, $11.29, PS5
Ape Escape 2, $11.29, PS4
A Perfect Day PS4 & PS5, $21.49, PS5
Apex Construct, $11.29, PS4
Apex Legends™ PS4™, Free, PS4
APICO, $10.55, PS4
A Pixel Story, $12.39, PS4
Apocalipsis: The Tree of the Knowledge of Good and Evil, $5.59, PS4
Apotheon, $12.39, PS4
Apsulov: End of Gods, $26.99, PS5
Aquadine PS4 & PS5, $11.49, PS5
Aqua Moto Racing Utopia, $14.69, PS4
Aquarist, $16.99, PS4
Aragami, $7.19, PS4
Arcade Archives 10-Yard Fight, $7.89, PS4
Arcade Archives 64th. STREET, $7.89, PS4
Arcade Archives AERO FIGHTERS, $7.89, PS4
Arcade Archives ARABIAN, $7.89, PS4
Arcade Archives Arcade Archives Shanghai III, $7.89, PS4
Arcade Archives Arcade FLAK ATTACK, $7.89, PS4
Arcade Archives Arcade VULCAN VENTURE, $7.89, PS4
Arcade Archives Armed F, $7.89, PS4
Arcade Archives ASSAULT, $7.89, PS4
Arcade Archives ATHENA, $7.89, PS4
Arcade Archives BARADUKE, $7.89, PS4
Arcade Archives BARADUKE 2, $7.89, PS4
Arcade Archives Bells & Whistles, $7.89, PS4
Arcade Archives BEN BERO BEH, $7.89, PS4
Arcade Archives BIO-SHIP PALADIN, $7.89, PS4
Arcade Archives BLACK HEART, $7.89, PS4
Arcade Archives BLANDIA, $7.89, PS4
Arcade Archives BLOCK HOLE, $7.89, PS4
Arcade Archives BONZE ADVENTURE, $7.89, PS4
Arcade Archives BOSCONIAN, $7.89, PS4
Arcade Archives BRAVOMAN, $7.89, PS4
Arcade Archives BUBBLE BOBBLE, $7.89, PS4
Arcade Archives Burger Time, $7.89, PS4
Arcade Archives BURNING FORCE, $7.89, PS4
Arcade Archives Buta san, $7.89, PS4
Arcade Archives CADASH, $7.89, PS4
Arcade Archives Chack'n Pop, $7.89, PS4
Arcade Archives CHAMPION WRESTLER, $7.89, PS4
Arcade Archives City CONNECTION, $7.89, PS4
Arcade Archives CONTRA, $7.89, PS4
Arcade Archives COP 01, $7.89, PS4
Arcade Archives COSMO GANG THE PUZZLE, $7.89, PS4
Arcade Archives COSMO GANG THE VIDEO, $7.89, PS4
Arcade Archives Cosmo Police Galivan, $7.89, PS4
Arcade Archives CRAZY CLIMBER, $7.89, PS4
Arcade Archives CRAZY CLIMBER2, $7.89, PS4
Arcade Archives CRIME FIGHTERS, $7.89, PS4
Arcade Archives CYBATTLER, $7.89, PS4
Arcade Archives DAIOH, $7.89, PS4
Arcade Archives DANGEROUS SEED, $7.89, PS4
Arcade Archives DARIUS, $7.89, PS4
Arcade Archives DARIUS II, $7.89, PS4
Arcade Archives DARK ADVENTURE, $7.89, PS4
Arcade Archives DARWIN 4078, $7.89, PS4
Arcade Archives DIG DUG, $7.89, PS4
Arcade Archives DIG DUG II, $7.89, PS4
Arcade Archives Dinorex, $7.89, PS4
Arcade Archives DON DOKO DON, $7.89, PS4
Arcade Archives DOUBLE DRAGON, $7.89, PS4
Arcade Archives DOUBLE DRAGON II The Revenge, $7.89, PS4
Arcade Archives DRAGON BUSTER, $7.89, PS4
Arcade Archives DRAGON SABER, $7.89, PS4
Arcade Archives DRAGON SPIRIT, $7.89, PS4
Arcade Archives EARTH DEFENSE FORCE, $7.89, PS4
Arcade Archives EMERALDIA, $7.89, PS4
Arcade Archives EMPIRE CITY:1931, $7.89, PS4
Arcade Archives EXERION, $7.89, PS4
Arcade Archives Exvania, $7.89, PS4
Arcade Archives FIGHTING HAWK, $7.89, PS4
Arcade Archives FINEST HOUR, $7.89, PS4
Arcade Archives FLIPULL, $7.89, PS4
Arcade Archives FORMATION Z, $7.89, PS4
Arcade Archives Frisky Tom, $7.89, PS4
Arcade Archives FROGGER, $7.89, PS4
Arcade Archives FRONT LINE, $7.89, PS4
Arcade Archives GALAGA, $5.52, PS4
Arcade Archives GALAGA '88, $7.89, PS4
Arcade Archives GALAXIAN, $7.89, PS4
Arcade Archives GAPLUS, $7.89, PS4
Arcade Archives Gemini Wing, $7.89, PS4
Arcade Archives GRADIUS, $7.89, PS4
Arcade Archives GRADIUS III, $7.89, PS4
Arcade Archives Green Beret, $7.89, PS4
Arcade Archives GROBDA, $7.89, PS4
Arcade Archives GROWL, $7.89, PS4
Arcade Archives GUERRILLA WAR, $7.89, PS4
Arcade Archives GUN & FRONTIER, $7.89, PS4
Arcade Archives GUNNAIL, $7.89, PS4
Arcade Archives GUTTANG GOTTONG, $7.89, PS4
Arcade Archives GUZZLER, $7.89, PS4
Arcade Archives HACHA MECHA FIGHTER, $7.89, PS4
Arcade Archives HALLEY'S COMET, $7.89, PS4
Arcade Archives HAUNTED CASTLE, $7.89, PS4
Arcade Archives HIGHWAY RACE, $7.89, PS4
Arcade Archives HOPPING MAPPY, $7.89, PS4
Arcade Archives HYPER SPORTS, $7.89, PS4
Arcade Archives IKARI III -THE RESCUE-, $7.89, PS4
Arcade Archives IKARI WARRIORS, $7.89, PS4
Arcade Archives Ikki, $7.89, PS4
Arcade Archives IMAGE FIGHT, $7.89, PS4
Arcade Archives IN THE HUNT, $7.89, PS4
Arcade Archives ITAZURA TENSHI, $7.89, PS4
Arcade Archives JAIL BREAK, $7.89, PS4
Arcade Archives JUNGLER, $7.89, PS4
Arcade Archives Kangaroo, $7.89, PS4
Arcade Archives Karate Champ, $7.89, PS4
Arcade Archives Kid's Horehore Daisakusen, $7.89, PS4
Arcade Archives KING & BALLOON, $7.89, PS4
Arcade Archives KOUTETSU YOUSAI STRAHL, $7.89, PS4
Arcade Archives KURIKINTON, $7.89, PS4
Arcade Archives LEGEND OF MAKAI, $7.89, PS4
Arcade Archives LIBBLE RABBLE, $7.89, PS4
Arcade Archives LIGHTNING FIGHTERS, $7.89, PS4
Arcade Archives Liquid Kids, $7.89, PS4
Arcade Archives MAD SHARK, $7.89, PS4
Arcade Archives MAGICAL SPEED, $7.89, PS4
Arcade Archives MAGMAX, $7.89, PS4
Arcade Archives MAPPY, $7.89, PS4
Arcade Archives MARKHAM, $7.89, PS4
Arcade Archives MASTER OF WEAPON, $7.89, PS4
Arcade Archives MAT MANIA EXCITING HOUR, $7.89, PS4
Arcade Archives MAZINGER Z, $16.99, PS4
Arcade Archives MEGABLAST, $7.89, PS4
Arcade Archives METAL BLACK, $7.89, PS4
Arcade Archives Metal Hawk, $5.52, PS4
Arcade Archives MIRAI NINJA, $7.89, PS4
Arcade Archives MOON CRESTA, $7.89, PS4
Arcade Archives MOON PATROL, $7.89, PS4
Arcade Archives MOTOS, $7.89, PS4
Arcade Archives MOUSER, $7.89, PS4
Arcade Archives Mr.GOEMON, $7.89, PS4
Arcade Archives Mutant Night, $7.89, PS4
Arcade Archives MYSTIC WARRIORS, $7.89, PS4
Arcade Archives NAUGHTY BOY, $7.89, PS4
Arcade Archives NAVARONE, $7.89, PS4
Arcade Archives NEW RALLY-X, $7.89, PS4
Arcade Archives Ninja-Kid, $7.89, PS4
Arcade Archives Ninja-Kid II, $7.89, PS4
Arcade Archives NOVA2001, $7.89, PS4
Arcade Archives ORDYNE, $7.89, PS4
Arcade Archives P-47, $7.89, PS4
Arcade Archives PAC-LAND, $5.52, PS4
Arcade Archives Pac-Man, $7.89, PS4
Arcade Archives PAC-MANIA, $7.89, PS4
Arcade Archives PAC & PAL, $7.89, PS4
Arcade Archives Penguin-Kun Wars, $7.89, PS4
Arcade Archives Pettan Pyuu, $7.89, PS4
Arcade Archives PHELIOS, $5.52, PS4
Arcade Archives PHOZON, $7.89, PS4
Arcade Archives PIRATE PETE, $7.89, PS4
Arcade Archives PISTOL DAIMYO NO BOUKEN, $7.89, PS4
Arcade Archives PLUS ALPHA, $7.89, PS4
Arcade Archives POLE POSITION, $7.89, PS4
Arcade Archives POLE POSITION II, $7.89, PS4
Arcade Archives POOYAN, $7.89, PS4
Arcade Archives POP FLAMER, $7.89, PS4
Arcade Archives P.O.W. -PRISONERS OF WAR-, $7.89, PS4
Arcade Archives PRO TENNIS WORLD COURT, $7.89, PS4
Arcade Archives QIX, $7.89, PS4
Arcade Archives RABIO LEPUS, $7.89, PS4
Arcade Archives RADICAL RADIAL, $7.89, PS4
Arcade Archives RAIDEN, $7.89, PS4
Arcade Archives RAIMAIS, $7.89, PS4
Arcade Archives RAINBOW ISLANDS, $7.89, PS4
Arcade Archives RALLY X, $7.89, PS4
Arcade Archives Renegade, $7.89, PS4
Arcade Archives REZON, $7.89, PS4
Arcade Archives ROAD FIGHTER, $7.89, PS4
Arcade Archives Rod Land, $7.89, PS4
Arcade Archives ROLLER JAMMER, $7.89, PS4
Arcade Archives ROLLING THUNDER, $7.89, PS4
Arcade Archives ROLLING THUNDER 2, $7.89, PS4
Arcade Archives ROMPERS, $7.89, PS4
Arcade Archives SABOTEN BOMBERS, $7.89, PS4
Arcade Archives SAINT DRAGON, $7.89, PS4
Arcade Archives SALAMANDER, $7.89, PS4
Arcade Archives SASUKE VS COMMANDER, $7.89, PS4
Arcade Archives Scramble, $7.89, PS4
Arcade Archives SCRAMBLE FORMATION, $7.89, PS4
Arcade Archives SEA FIGHTER POSEIDON, $7.89, PS4
Arcade Archives SEICROSS, $7.89, PS4
Arcade Archives SENJYO, $7.89, PS4
Arcade Archives SHAO-LIN'S ROAD, $7.89, PS4
Arcade Archives SHINGEN SAMURAI-FIGHTER, $7.89, PS4
Arcade Archives Shusse Ozumo, $7.89, PS4
Arcade Archives SILK WORM, $7.89, PS4
Arcade Archives Sky Kid, $7.89, PS4
Arcade Archives SKY KID DX, $7.89, PS4
Arcade Archives SOLDAM, $7.89, PS4
Arcade Archives Soldier Girl Amazon, $7.89, PS4
Arcade Archives SOLITARY FIGHTER, $7.89, PS4
Arcade Archives SPACE CRUISER, $7.89, PS4
Arcade Archives SPACE SEEKER, $7.89, PS4
Arcade Archives SPLATTER HOUSE, $7.89, PS4
Arcade Archives STRATO FIGHTER, $7.89, PS4
Arcade Archives STRIKE GUNNER, $7.89, PS4
Arcade Archives SUNSETRIDERS, $7.89, PS4
Arcade Archives SUPER COBRA, $7.89, PS4
Arcade Archives SUPER CONTRA, $7.89, PS4
Arcade Archives Super Dodge Ball, $7.89, PS4
Arcade Archives SUPER PAC-MAN, $7.89, PS4
Arcade Archives Super Volleyball, $7.89, PS4
Arcade Archives SURPRISE ATTACK, $7.89, PS4
Arcade Archives SWIMMER, $7.89, PS4
Arcade Archives TANK FORCE, $7.89, PS4
Arcade Archives TASK FORCE HARRIER, $7.89, PS4
Arcade Archives TECMO BOWL, $7.89, PS4
Arcade Archives TECMO KNIGHT, $7.89, PS4
Arcade Archives TERRA CRESTA, $7.89, PS4
Arcade Archives TETRIS® THE GRAND MASTER, $7.89, PS4
Arcade Archives THE ASTYANAX, $7.89, PS4
Arcade Archives The Fairyland Story, $7.89, PS4
Arcade Archives The Genji and the Heike Clans, $7.89, PS4
Arcade Archives THE LEGEND OF KAGE, $7.89, PS4
Arcade Archives THE LEGEND OF VALKYRIE, $7.89, PS4
Arcade Archives THE NEWZEALAND STORY, $7.89, PS4
Arcade Archives THE NINJA WARRIORS, $7.89, PS4
Arcade Archives The Return of ISHTAR, $7.89, PS4
Arcade Archives THE TIN STAR, $7.89, PS4
Arcade Archives THE TOWER OF DRUAGA, $5.52, PS4
Arcade Archives THUNDER CEPTOR, $7.89, PS4
Arcade Archives THUNDER CEPTOR II, $7.89, PS4
Arcade Archives THUNDER CROSS, $7.89, PS4
Arcade Archives THUNDER CROSS II, $7.89, PS4
Arcade Archives THUNDER DRAGON, $7.89, PS4
Arcade Archives THUNDER DRAGON 2, $7.89, PS4
Arcade Archives TIME PILOT, $7.89, PS4
Arcade Archives TIME PILOT '84, $7.89, PS4
Arcade Archives TIME TUNNEL, $7.89, PS4
Arcade Archives T.N.K III, $7.89, PS4
Arcade Archives TOUKI DENSHOU ANGEL EYES, $7.89, PS4
Arcade Archives TOY POP, $7.89, PS4
Arcade Archives TRACK & FIELD, $7.89, PS4
Arcade Archives Traverse USA, $7.89, PS4
Arcade Archives TRIO THE PUNCH, $7.89, PS4
Arcade Archives TUBE PANIC, $7.89, PS4
Arcade Archives TURBO FORCE, $7.89, PS4
Arcade Archives Tutankham, $7.89, PS4
Arcade Archives TwinBee, $7.89, PS4
Arcade Archives TYPHOON, $7.89, PS4
Arcade Archives TYPHOON GAL, $7.89, PS4
Arcade Archives USAAF MUSTANG, $7.89, PS4
Arcade Archives VANDYKE, $7.89, PS4
Arcade Archives VENDETTA, $7.89, PS4
Arcade Archives VICTORY ROAD, $7.89, PS4
Arcade Archives VIGILANTE, $7.89, PS4
Arcade Archives VOLFIED, $7.89, PS4
Arcade Archives VS. CASTLEVANIA, $7.89, PS4
Arcade Archives VS. GRADIUS, $7.89, PS4
Arcade Archives VS. SUPER XEVIOUS MYSTERY OF GUMP, $7.89, PS4
Arcade Archives WAR OF AERO, $7.89, PS4
Arcade Archives WARP & WARP, $7.89, PS4
Arcade Archives WATER SKI, $7.89, PS4
Arcade Archives Wiz, $7.89, PS4
Arcade Archives WONDER MOMO, $7.89, PS4
Arcade Archives XEVIOUS, $7.89, PS4
Arcade Archives XEXEX, $7.89, PS4
Arcade Archives X MULTIPLY, $7.89, PS4
Arcade Archives XX MISSION, $7.89, PS4
Arcade Archives Yie Ar KUNG-FU, $7.89, PS4
Arcade Archives YOUKAI DOUCHUKI, $7.89, PS4
Arcade Archives ZERO TEAM, $7.89, PS4
Arcade Archives ZING ZING ZIP, $7.89, PS4
Arcade Classics Anniversary Collection, $22.99, PS4
ARCADE GAME SERIES: DIG DUG, $4.49, PS4
ARCADE GAME SERIES: GALAGA, $4.49, PS4
ARCADE GAME SERIES: Ms. PAC-MAN, $4.49, PS4
Arcade Game Zone, $22.79, PS4
Arcade Paradise PS4™ & PS5™, $8.99, PS5
Arcadia Fallen, $8.99, PS5
ArcaniA - The Complete Tale, $3.59, PS4
Arca's Path VR, $19.19, PS4
